userId;email;displayName
john.doe;john.doe@company.com;John Doe
jane.smith;jane.smith@company.com;Jane Smith
mike.wilson;mike.wilson@company.com;Mike Wilson
sarah.johnson;sarah.johnson@company.com;Sarah Johnson
david.brown;david.brown@company.com;David Brown